{
  "CX-5": 0.024375,
  "7 Series": 0.024375,
  "Tiguan": 0.024275,
  "X5": 0.02425,
  "S-Class": 0.02415,
  "718 Cayman": 0.02395,
  "Civic": 0.023925,
  "3 Series": 0.023925,
  "208": 0.0239,
  "MX-5 Miata": 0.02385,
  "Q7": 0.023775,
  "F-150": 0.0237,
  "Supra": 0.023675,
  "Clio": 0.02365,
  "Model Y": 0.023625,
  "Sportage": 0.023625,
  "Mustang": 0.02355,
  "Golf": 0.02355,
  "A8": 0.02335,
  "Spark": 0.023325,
  "E-Class": 0.0233,
  "Model S": 0.023275,
  "Mazda3": 0.023225,
  "Panamera": 0.023175,
  "Sandero": 0.02315,
  "500": 0.023075,
  "Camry": 0.023,
  "i10": 0.022975,
  "Model 3": 0.02295,
  "A4": 0.022875,
  "Picanto": 0.022875,
  "5 Series": 0.022825,
  "Accord": 0.022825,
  "Corolla": 0.022775,
  "Yaris": 0.022725,
  "A6": 0.022625,
  "C-Class": 0.02255,
  "GLE": 0.022525,
  "RAV4": 0.022425,
  "Focus": 0.02235,
  "Tucson": 0.022075,
  "911 Carrera": 0.021825,
  "Elantra": 0.0218
}